<?xml version="1.0" encoding="UTF-8"?>
<project-private xmlns="http://www.netbeans.org/ns/project-private/1">
    <editor-bookmarks xmlns="http://www.netbeans.org/ns/editor-bookmarks/2" lastBookmarkId="0"/>
    <open-files xmlns="http://www.netbeans.org/ns/projectui-open-files/2">
        <group>
            <file>file:/C:/Users/DELL/Documents/NetBeansProjects/ajax2/web/machineByMarqueForm.jsp</file>
            <file>file:/C:/Users/DELL/Documents/NetBeansProjects/ajax2/web/machineByReferenceForm.jsp</file>
            <file>file:/C:/Users/DELL/Documents/NetBeansProjects/ajax2/src/java/ma/school/controller/EtudiantController.java</file>
            <file>file:/C:/Users/DELL/Documents/NetBeansProjects/ajax2/web/machineForm.jsp</file>
            <file>file:/C:/Users/DELL/Documents/NetBeansProjects/ajax2/web/etudiantForm.jsp</file>
            <file>file:/C:/Users/DELL/Documents/NetBeansProjects/ajax2/web/etudiantUpdate.jsp</file>
            <file>file:/C:/Users/DELL/Documents/NetBeansProjects/ajax2/web/marqueForm.jsp</file>
            <file>file:/C:/Users/DELL/Documents/NetBeansProjects/ajax2/web/machineUpdate.jsp</file>
        </group>
    </open-files>
</project-private>
